-- MySQL dump 10.13  Distrib 8.0.23, for Win64 (x86_64)
--
-- Host: localhost    Database: vk
-- ------------------------------------------------------
-- Server version	8.0.23

/*!40101 SET @OLD_CHARACTER_SET_CLIENT=@@CHARACTER_SET_CLIENT */;
/*!40101 SET @OLD_CHARACTER_SET_RESULTS=@@CHARACTER_SET_RESULTS */;
/*!40101 SET @OLD_COLLATION_CONNECTION=@@COLLATION_CONNECTION */;
/*!50503 SET NAMES utf8mb4 */;
/*!40103 SET @OLD_TIME_ZONE=@@TIME_ZONE */;
/*!40103 SET TIME_ZONE='+00:00' */;
/*!40014 SET @OLD_UNIQUE_CHECKS=@@UNIQUE_CHECKS, UNIQUE_CHECKS=0 */;
/*!40014 SET @OLD_FOREIGN_KEY_CHECKS=@@FOREIGN_KEY_CHECKS, FOREIGN_KEY_CHECKS=0 */;
/*!40101 SET @OLD_SQL_MODE=@@SQL_MODE, SQL_MODE='NO_AUTO_VALUE_ON_ZERO' */;
/*!40111 SET @OLD_SQL_NOTES=@@SQL_NOTES, SQL_NOTES=0 */;

--
-- Table structure for table `communities`
--

DROP TABLE IF EXISTS `communities`;
/*!40101 SET @saved_cs_client     = @@character_set_client */;
/*!50503 SET character_set_client = utf8mb4 */;
CREATE TABLE `communities` (
  `id` int unsigned NOT NULL AUTO_INCREMENT COMMENT '╨Ш╨┤╨╡╨╜╤В╨╕╤Д╨╕╨║╨░╤В╨╛╤А ╤Б╤А╨╛╨║╨╕',
  `name` varchar(150) CHARACTER SET utf8mb4 COLLATE utf8mb4_unicode_ci NOT NULL COMMENT '╨Э╨░╨╖╨▓╨░╨╜╨╕╨╡ ╨│╤А╤Г╨┐╨┐╤Л',
  `created_at` datetime DEFAULT CURRENT_TIMESTAMP COMMENT '╨Т╤А╨╡╨╝╤П ╤Б╨╛╨╖╨┤╨░╨╜╨╕╤П ╤Б╤В╤А╨╛╨║╨╕',
  `updated_at` datetime DEFAULT CURRENT_TIMESTAMP ON UPDATE CURRENT_TIMESTAMP COMMENT '╨Т╤А╨╡╨╝╤П ╨╛╨▒╨╜╨╛╨▓╨╗╨╡╨╜╨╕╤П ╤Б╤В╤А╨╛╨║╨╕',
  PRIMARY KEY (`id`),
  UNIQUE KEY `name` (`name`)
) ENGINE=InnoDB AUTO_INCREMENT=21 DEFAULT CHARSET=utf8mb4 COLLATE=utf8mb4_unicode_ci COMMENT='╨У╤А╤Г╨┐╨┐╤Л';
/*!40101 SET character_set_client = @saved_cs_client */;

--
-- Dumping data for table `communities`
--

LOCK TABLES `communities` WRITE;
/*!40000 ALTER TABLE `communities` DISABLE KEYS */;
INSERT INTO `communities` VALUES (1,'consequuntur','2016-09-26 18:07:52','2021-03-01 20:03:25'),(2,'iusto','2019-01-21 22:16:40','2020-04-11 02:39:27'),(3,'tempora','2012-10-03 08:17:34','2013-10-13 16:46:41'),(4,'adipisci','2016-08-10 07:27:07','2020-12-18 13:24:35'),(5,'nihil','2015-05-21 22:54:17','2017-10-22 03:19:35'),(6,'in','2012-12-24 09:03:55','2012-11-24 17:16:37'),(7,'doloremque','2013-09-14 04:27:16','2011-12-28 04:23:57'),(8,'voluptas','2014-04-09 05:21:18','2018-06-26 10:12:09'),(9,'voluptatem','2016-02-08 14:22:59','2012-03-04 16:38:23'),(10,'quas','2015-03-25 19:46:36','2014-07-24 10:55:03'),(11,'dolore','2019-01-17 04:44:05','2019-02-05 12:14:08'),(12,'fugiat','2018-06-17 00:03:51','2014-11-10 06:21:07'),(13,'nisi','2012-11-03 16:12:04','2016-07-16 07:40:33'),(14,'unde','2018-10-28 00:31:36','2015-10-25 10:15:55'),(15,'amet','2012-01-02 11:13:13','2016-05-29 04:03:54'),(16,'sint','2017-11-01 05:38:06','2015-10-14 21:14:21'),(17,'perferendis','2013-07-05 09:40:50','2015-06-22 12:46:08'),(18,'delectus','2015-10-15 12:32:54','2013-10-10 06:06:43'),(19,'fugit','2014-02-08 13:13:00','2011-03-12 23:38:46'),(20,'libero','2013-12-30 05:42:09','2020-11-14 18:37:38');
/*!40000 ALTER TABLE `communities` ENABLE KEYS */;
UNLOCK TABLES;

--
-- Table structure for table `communities_users`
--

DROP TABLE IF EXISTS `communities_users`;
/*!40101 SET @saved_cs_client     = @@character_set_client */;
/*!50503 SET character_set_client = utf8mb4 */;
CREATE TABLE `communities_users` (
  `community_id` int unsigned NOT NULL COMMENT '╨б╤Б╤Л╨╗╨║╨░ ╨╜╨░ ╨│╤А╤Г╨┐╨┐╤Г',
  `user_id` int unsigned NOT NULL COMMENT '╨б╤Б╤Л╨╗╨║╨░ ╨╜╨░ ╨┐╨╛╨╗╤М╨╖╨╛╨▓╨░╤В╨╡╨╗╤П',
  `created_at` datetime DEFAULT CURRENT_TIMESTAMP COMMENT '╨Т╤А╨╡╨╝╤П ╤Б╨╛╨╖╨┤╨░╨╜╨╕╤П ╤Б╤В╤А╨╛╨║╨╕',
  PRIMARY KEY (`community_id`,`user_id`) COMMENT '╨б╨╛╤Б╤В╨░╨▓╨╜╨╛╨╣ ╨┐╨╡╤А╨▓╨╕╤З╨╜╤Л╨╣ ╨║╨╗╤О╤З'
) ENGINE=InnoDB DEFAULT CHARSET=utf8mb4 COLLATE=utf8mb4_unicode_ci COMMENT='╨г╤З╨░╤Б╤В╨╜╨╕╨║╨╕ ╨│╤А╤Г╨┐╨┐, ╤Б╨▓╤П╨╖╤М ╨╝╨╡╨╢╨┤╤Г ╨┐╨╛╨╗╤М╨╖╨╛╨▓╨░╤В╨╡╨╗╤П╨╝╨╕ ╨╕ ╨│╤А╤Г╨┐╨┐╨░╨╝╨╕';
/*!40101 SET character_set_client = @saved_cs_client */;

--
-- Dumping data for table `communities_users`
--

LOCK TABLES `communities_users` WRITE;
/*!40000 ALTER TABLE `communities_users` DISABLE KEYS */;
INSERT INTO `communities_users` VALUES (1,43,'2020-12-14 19:03:10'),(1,48,'2019-06-19 04:01:35'),(1,62,'2015-02-27 12:04:33'),(1,68,'2020-01-08 12:17:09'),(1,70,'2020-05-03 21:53:44'),(1,72,'2013-01-18 22:34:48'),(2,32,'2021-01-11 08:28:55'),(2,36,'2015-11-19 04:27:21'),(2,71,'2012-12-11 00:05:11'),(3,16,'2016-04-22 11:06:45'),(3,25,'2020-10-19 11:32:41'),(3,28,'2012-09-04 05:10:11'),(3,64,'2015-11-26 03:06:58'),(3,79,'2011-04-20 11:12:55'),(4,4,'2020-08-03 11:32:36'),(4,12,'2015-11-16 06:39:44'),(4,44,'2013-10-09 07:18:28'),(4,50,'2014-09-10 14:11:23'),(4,80,'2020-01-22 08:37:05'),(5,6,'2011-03-09 15:16:34'),(5,23,'2019-04-28 04:49:36'),(5,24,'2020-03-20 23:35:23'),(5,73,'2016-12-18 11:50:31'),(5,74,'2014-12-01 22:02:52'),(5,82,'2019-01-29 04:39:16'),(5,86,'2015-05-15 20:28:15'),(5,92,'2012-11-03 01:29:36'),(5,98,'2011-05-02 11:51:24'),(6,40,'2018-03-11 04:39:14'),(6,51,'2020-10-15 19:22:04'),(6,54,'2016-06-27 18:12:13'),(6,95,'2016-11-27 18:28:50'),(7,11,'2014-04-29 05:27:45'),(7,56,'2016-03-14 10:52:21'),(7,85,'2011-05-25 19:28:27'),(7,91,'2018-06-24 13:16:18'),(7,96,'2013-06-15 03:09:05'),(8,61,'2011-12-21 20:30:41'),(8,90,'2012-04-23 18:08:46'),(8,100,'2019-02-09 01:18:20'),(9,1,'2011-09-06 07:04:49'),(9,10,'2015-10-17 09:03:53'),(9,30,'2012-06-23 15:16:06'),(9,33,'2013-06-04 11:41:08'),(9,75,'2019-06-20 06:45:17'),(9,81,'2012-07-02 17:57:39'),(10,15,'2015-04-16 05:19:15'),(10,38,'2016-12-28 11:44:03'),(11,20,'2019-08-27 10:19:13'),(11,29,'2012-06-24 08:29:10'),(12,97,'2013-05-25 23:10:17'),(13,46,'2015-03-23 14:50:43'),(13,63,'2019-09-13 05:34:56'),(13,65,'2011-08-27 22:10:10'),(13,66,'2014-06-16 04:32:14'),(13,84,'2021-01-07 05:42:09'),(13,87,'2013-08-05 21:33:49'),(14,22,'2020-02-29 23:20:16'),(14,26,'2014-07-09 19:23:13'),(14,27,'2018-01-12 08:13:50'),(14,31,'2011-11-21 23:45:54'),(14,53,'2016-05-15 03:23:56'),(15,49,'2020-01-16 01:53:58'),(16,9,'2012-07-06 11:39:07'),(16,14,'2017-02-05 19:25:34'),(16,37,'2018-07-02 17:05:50'),(16,41,'2018-05-07 20:57:09'),(16,58,'2019-07-11 05:01:16'),(16,60,'2020-11-28 05:56:53'),(16,67,'2011-12-11 03:14:20'),(16,69,'2014-08-28 13:29:03'),(16,93,'2020-08-18 23:14:38'),(17,18,'2021-02-05 14:53:48'),(17,45,'2019-05-23 18:55:10'),(17,52,'2019-01-11 15:21:49'),(17,76,'2019-06-28 23:49:27'),(17,88,'2011-03-22 18:31:09'),(17,94,'2017-06-08 10:40:02'),(18,13,'2012-07-09 05:39:08'),(18,17,'2018-08-15 17:03:10'),(18,21,'2011-06-05 14:03:49'),(18,47,'2011-05-12 08:47:52'),(18,55,'2021-02-10 12:11:39'),(18,77,'2018-07-28 01:04:36'),(18,89,'2020-01-28 23:03:35'),(19,5,'2014-04-11 07:08:10'),(19,57,'2015-05-18 15:49:29'),(19,59,'2016-12-31 12:15:15'),(19,78,'2014-11-18 16:57:45'),(19,83,'2018-12-07 01:24:22'),(19,99,'2020-06-15 22:57:13'),(20,2,'2016-07-28 14:23:59'),(20,3,'2011-05-30 00:03:15'),(20,7,'2013-04-28 08:31:12'),(20,8,'2015-10-03 23:07:53'),(20,19,'2015-08-05 13:58:02'),(20,34,'2012-03-11 03:54:12'),(20,35,'2018-11-25 03:32:02'),(20,39,'2012-10-26 13:16:15'),(20,42,'2014-12-09 13:44:17');
/*!40000 ALTER TABLE `communities_users` ENABLE KEYS */;
UNLOCK TABLES;

--
-- Table structure for table `friendship`
--

DROP TABLE IF EXISTS `friendship`;
/*!40101 SET @saved_cs_client     = @@character_set_client */;
/*!50503 SET character_set_client = utf8mb4 */;
CREATE TABLE `friendship` (
  `user_id` int unsigned NOT NULL COMMENT '╨б╤Б╤Л╨╗╨║╨░ ╨╜╨░ ╨╕╨╜╨╕╤Ж╨╕╨░╤В╨╛╤А╨░ ╨┤╤А╤Г╨╢╨╡╤Б╨║╨╕╤Е ╨╛╤В╨╜╨╛╤И╨╡╨╜╨╕╨╣',
  `friend_id` int unsigned NOT NULL COMMENT '╨б╤Б╤Л╨╗╨║╨░ ╨╜╨░ ╨┐╨╛╨╗╤Г╤З╨░╤В╨╡╨╗╤П ╨┐╤А╨╕╨│╨╗╨░╤И╨╡╨╜╨╕╤П ╨┤╤А╤Г╨╢╨╕╤В╤М',
  `friendship_status_id` int unsigned NOT NULL COMMENT '╨б╤Б╤Л╨╗╨║╨░ ╨╜╨░ ╤Б╤В╨░╤В╤Г╤Б (╤В╨╡╨║╤Г╤Й╨╡╨╡ ╤Б╨╛╤Б╤В╨╛╤П╨╜╨╕╨╡) ╨╛╤В╨╜╨╛╤И╨╡╨╜╨╕╨╣',
  `confirmed_at` datetime DEFAULT NULL COMMENT '╨Т╤А╨╡╨╝╤П ╨┐╨╛╨┤╤В╨▓╨╡╤А╨╢╨┤╨╡╨╜╨╕╤П ╨┐╤А╨╕╨│╨╗╨░╤И╨╡╨╜╨╕╤П',
  `created_at` datetime DEFAULT CURRENT_TIMESTAMP COMMENT '╨Т╤А╨╡╨╝╤П ╤Б╨╛╨╖╨┤╨░╨╜╨╕╤П ╤Б╤В╤А╨╛╨║╨╕',
  `updated_at` datetime DEFAULT CURRENT_TIMESTAMP ON UPDATE CURRENT_TIMESTAMP COMMENT '╨Т╤А╨╡╨╝╤П ╨╛╨▒╨╜╨╛╨▓╨╗╨╡╨╜╨╕╤П ╤Б╤В╤А╨╛╨║╨╕',
  PRIMARY KEY (`user_id`,`friend_id`) COMMENT '╨б╨╛╤Б╤В╨░╨▓╨╜╨╛╨╣ ╨┐╨╡╤А╨▓╨╕╤З╨╜╤Л╨╣ ╨║╨╗╤О╤З'
) ENGINE=InnoDB DEFAULT CHARSET=utf8mb4 COLLATE=utf8mb4_unicode_ci COMMENT='╨в╨░╨▒╨╗╨╕╤Ж╨░ ╨┤╤А╤Г╨╢╨▒╤Л';
/*!40101 SET character_set_client = @saved_cs_client */;

--
-- Dumping data for table `friendship`
--

LOCK TABLES `friendship` WRITE;
/*!40000 ALTER TABLE `friendship` DISABLE KEYS */;
INSERT INTO `friendship` VALUES (6,53,3,'2019-03-27 20:22:29','2020-10-08 15:12:45','2021-03-15 20:11:08'),(13,57,1,'2013-03-23 13:44:05','2021-02-23 02:45:21','2021-03-15 20:06:16'),(13,75,1,'2013-06-15 00:29:07','2013-02-14 17:43:27','2021-03-15 20:11:08'),(25,7,3,'2019-02-21 20:30:44','2017-05-28 22:27:52','2021-03-15 20:06:16'),(28,11,3,'2020-04-01 10:12:23','2013-12-20 01:00:32','2021-03-15 20:11:08'),(28,83,2,'2020-10-25 06:45:30','2019-01-12 07:55:06','2021-03-15 20:06:16'),(32,11,2,'2018-09-13 18:36:09','2019-06-16 04:39:36','2021-03-15 20:06:16'),(33,38,3,'2020-04-12 10:16:54','2013-07-02 12:23:25','2021-03-15 20:06:16'),(36,17,1,'2013-05-03 23:49:52','2011-07-15 06:24:53','2021-03-15 20:11:08'),(36,53,1,'2020-12-04 09:54:39','2017-03-09 18:06:40','2021-03-15 20:11:08'),(41,10,1,'2014-01-22 02:55:26','2016-06-15 06:32:34','2021-03-15 20:06:16'),(44,52,2,'2016-12-06 03:21:09','2015-01-12 03:18:11','2021-03-15 20:11:08'),(45,55,2,'2014-08-14 19:10:02','2019-08-19 22:41:37','2021-03-15 20:11:08'),(47,75,2,'2013-02-16 06:41:38','2014-08-25 21:10:31','2021-03-15 20:11:08'),(56,23,2,'2012-03-19 23:43:54','2020-02-23 03:44:56','2021-03-15 20:06:16'),(56,49,2,'2011-04-17 11:12:29','2015-12-24 14:52:51','2021-03-15 20:06:16'),(59,71,2,'2019-04-30 01:22:56','2020-05-30 01:01:49','2021-03-15 20:06:16'),(67,3,1,'2011-09-05 22:09:36','2017-08-05 00:18:52','2021-03-15 20:11:08'),(69,76,1,'2020-04-07 13:23:34','2014-03-16 09:15:43','2021-03-15 20:06:16'),(72,32,3,'2016-08-22 23:05:14','2012-05-18 02:31:21','2021-03-15 20:11:08'),(74,20,2,'2019-09-23 12:12:27','2018-03-04 19:54:28','2021-03-15 20:06:16'),(75,26,1,'2017-09-30 10:11:56','2013-12-26 19:20:03','2021-03-15 20:11:08'),(78,30,1,'2013-11-30 07:45:23','2016-10-11 09:02:38','2021-03-15 20:06:16'),(80,88,2,'2015-03-19 06:59:15','2020-04-16 02:12:27','2021-03-15 20:11:08'),(91,40,1,'2017-09-16 02:49:14','2018-08-10 17:02:07','2021-03-15 20:06:16');
/*!40000 ALTER TABLE `friendship` ENABLE KEYS */;
UNLOCK TABLES;

--
-- Table structure for table `friendship_statuses`
--

DROP TABLE IF EXISTS `friendship_statuses`;
/*!40101 SET @saved_cs_client     = @@character_set_client */;
/*!50503 SET character_set_client = utf8mb4 */;
CREATE TABLE `friendship_statuses` (
  `id` int unsigned NOT NULL AUTO_INCREMENT COMMENT '╨Ш╨┤╨╡╨╜╤В╨╕╤Д╨╕╨║╨░╤В╨╛╤А ╤Б╤В╤А╨╛╨║╨╕',
  `name` varchar(150) CHARACTER SET utf8mb4 COLLATE utf8mb4_unicode_ci NOT NULL COMMENT '╨Э╨░╨╖╨▓╨░╨╜╨╕╨╡ ╤Б╤В╨░╤В╤Г╤Б╨░',
  `created_at` datetime DEFAULT CURRENT_TIMESTAMP COMMENT '╨Т╤А╨╡╨╝╤П ╤Б╨╛╨╖╨┤╨░╨╜╨╕╤П ╤Б╤В╤А╨╛╨║╨╕',
  `updated_at` datetime DEFAULT CURRENT_TIMESTAMP ON UPDATE CURRENT_TIMESTAMP COMMENT '╨Т╤А╨╡╨╝╤П ╨╛╨▒╨╜╨╛╨▓╨╗╨╡╨╜╨╕╤П ╤Б╤В╤А╨╛╨║╨╕',
  PRIMARY KEY (`id`),
  UNIQUE KEY `name` (`name`)
) ENGINE=InnoDB AUTO_INCREMENT=4 DEFAULT CHARSET=utf8mb4 COLLATE=utf8mb4_unicode_ci COMMENT='╨б╤В╨░╤В╤Г╤Б╤Л ╨┤╤А╤Г╨╢╨▒╤Л';
/*!40101 SET character_set_client = @saved_cs_client */;

--
-- Dumping data for table `friendship_statuses`
--

LOCK TABLES `friendship_statuses` WRITE;
/*!40000 ALTER TABLE `friendship_statuses` DISABLE KEYS */;
INSERT INTO `friendship_statuses` VALUES (1,'requested','2021-03-15 20:10:01','2021-03-15 20:10:01'),(2,'confirmed','2021-03-15 20:10:01','2021-03-15 20:10:01'),(3,'rejected','2021-03-15 20:10:01','2021-03-15 20:10:01');
/*!40000 ALTER TABLE `friendship_statuses` ENABLE KEYS */;
UNLOCK TABLES;

--
-- Table structure for table `media`
--

DROP TABLE IF EXISTS `media`;
/*!40101 SET @saved_cs_client     = @@character_set_client */;
/*!50503 SET character_set_client = utf8mb4 */;
CREATE TABLE `media` (
  `id` int unsigned NOT NULL AUTO_INCREMENT COMMENT '╨Ш╨┤╨╡╨╜╤В╨╕╤Д╨╕╨║╨░╤В╨╛╤А ╤Б╤В╤А╨╛╨║╨╕',
  `user_id` int unsigned NOT NULL COMMENT '╨б╤Б╤Л╨╗╨║╨░ ╨╜╨░ ╨┐╨╛╨╗╤М╨╖╨╛╨▓╨░╤В╨╡╨╗╤П, ╨║╨╛╤В╨╛╤А╤Л╨╣ ╨╖╨░╨│╤А╤Г╨╖╨╕╨╗ ╤Д╨░╨╣╨╗',
  `filename` varchar(255) CHARACTER SET utf8mb4 COLLATE utf8mb4_unicode_ci NOT NULL COMMENT '╨Я╤Г╤В╤М ╨║ ╤Д╨░╨╣╨╗╤Г',
  `size` int NOT NULL COMMENT '╨а╨░╨╖╨╝╨╡╤А ╤Д╨░╨╣╨╗╨░',
  `metadata` json DEFAULT NULL,
  `media_type_id` int unsigned NOT NULL COMMENT '╨б╤Б╤Л╨╗╨║╨░ ╨╜╨░ ╤В╨╕╨┐ ╨║╨╛╨╜╤В╨╡╨╜╤В╨░',
  `created_at` datetime DEFAULT CURRENT_TIMESTAMP COMMENT '╨Т╤А╨╡╨╝╤П ╤Б╨╛╨╖╨┤╨░╨╜╨╕╤П ╤Б╤В╤А╨╛╨║╨╕',
  `updated_at` datetime DEFAULT CURRENT_TIMESTAMP ON UPDATE CURRENT_TIMESTAMP COMMENT '╨Т╤А╨╡╨╝╤П ╨╛╨▒╨╜╨╛╨▓╨╗╨╡╨╜╨╕╤П ╤Б╤В╤А╨╛╨║╨╕',
  PRIMARY KEY (`id`),
  CONSTRAINT `media_chk_1` CHECK (json_valid(`metadata`))
) ENGINE=InnoDB AUTO_INCREMENT=101 DEFAULT CHARSET=utf8mb4 COLLATE=utf8mb4_unicode_ci COMMENT='╨Ь╨╡╨┤╨╕╨░╤Д╨░╨╣╨╗╤Л';
/*!40101 SET character_set_client = @saved_cs_client */;

--
-- Dumping data for table `media`
--

LOCK TABLES `media` WRITE;
/*!40000 ALTER TABLE `media` DISABLE KEYS */;
INSERT INTO `media` VALUES (1,94,'http://dropbox.com/vk/areg.png',994809,'{\"owner\": \"Adonis Larkin\"}',1,'2020-09-03 02:38:19','2021-03-15 18:41:01'),(2,82,'http://dropbox.com/vk/fgndn.mp3',2003230,'{\"owner\": \"Lillie Romaguera\"}',3,'2012-12-20 15:11:11','2021-03-15 18:11:14'),(3,27,'http://dropbox.com/vk/vbndt.mp3',7031715,'{\"owner\": \"Tiffany Denesik\"}',1,'2019-08-05 15:15:10','2021-03-15 18:11:14'),(4,87,'http://dropbox.com/vk/tyhh.mp4',9148874,'{\"owner\": \"Wiley Kessler\"}',1,'2018-05-20 08:00:49','2021-03-15 18:41:01'),(5,56,'http://dropbox.com/vk/gnd.mp3',4649215,'{\"owner\": \"Edd Marvin\"}',1,'2017-11-12 15:01:44','2021-03-15 18:41:01'),(6,19,'http://dropbox.com/vk/rujjn.mp4',5799446,'{\"owner\": \"Filiberto Doyle\"}',2,'2020-11-21 05:53:11','2021-03-15 18:41:01'),(7,23,'http://dropbox.com/vk/bnfj.mp3',5049575,'{\"owner\": \"Winston Murazik\"}',1,'2018-03-04 21:54:10','2021-03-15 18:41:01'),(8,61,'http://dropbox.com/vk/sryhh.avi',7849527,'{\"owner\": \"Art Ebert\"}',1,'2020-01-13 22:53:18','2021-03-15 18:41:01'),(9,32,'http://dropbox.com/vk/sfhs.mp3',4098901,'{\"owner\": \"Neva Johnson\"}',1,'2015-01-17 15:06:01','2021-03-15 18:41:01'),(10,79,'http://dropbox.com/vk/cgnd.png',6945914,'{\"owner\": \"Theodore Altenwerth\"}',2,'2018-06-23 04:40:19','2021-03-15 18:41:01'),(11,99,'http://dropbox.com/vk/okh.avi',2432860,'{\"owner\": \"Sherwood Kuhlman\"}',3,'2019-06-10 07:32:12','2021-03-15 18:41:01'),(12,57,'http://dropbox.com/vk/qaggnhm.png',1326549,'{\"owner\": \"Tessie Shanahan\"}',2,'2017-04-16 21:11:48','2021-03-15 18:11:14'),(13,88,'http://dropbox.com/vk/dgd.mp3',9334154,'{\"owner\": \"Lonny Tromp\"}',1,'2014-03-06 16:47:20','2021-03-15 18:41:01'),(14,68,'http://dropbox.com/vk/jfjj.jpg',2691113,'{\"owner\": \"Zaria Ondricka\"}',3,'2020-12-31 01:21:52','2021-03-15 18:41:01'),(15,75,'http://dropbox.com/vk/uun.png',5453095,'{\"owner\": \"Anastasia Jacobson\"}',1,'2019-08-05 10:54:39','2021-03-15 18:41:01'),(16,70,'http://dropbox.com/vk/vfnn.png',9192127,'{\"owner\": \"Jason Gibson\"}',2,'2011-09-21 15:46:51','2021-03-15 18:11:14'),(17,26,'http://dropbox.com/vk/zpjdafhg.png',9601342,'{\"owner\": \"Bruce Rowe\"}',3,'2011-12-07 15:17:43','2021-03-15 18:41:01'),(18,21,'http://dropbox.com/vk/ffm.png',430317,'{\"owner\": \"Aryanna Anderson\"}',2,'2012-09-25 19:08:06','2021-03-15 18:41:01'),(19,23,'http://dropbox.com/vk/nmb.jpg',3347551,'{\"owner\": \"Winston Murazik\"}',1,'2012-12-08 19:20:29','2021-03-15 18:11:14'),(20,55,'http://dropbox.com/vk/bnbnm.jpg',5446796,'{\"owner\": \"Dante Herman\"}',3,'2020-12-11 21:03:56','2021-03-15 18:11:14'),(21,3,'http://dropbox.com/vk/wtey.mp4',7191318,'{\"owner\": \"Annetta Torp\"}',2,'2018-05-25 09:21:44','2021-03-15 18:11:14'),(22,50,'http://dropbox.com/vk/tikhvm.mp3',9616193,'{\"owner\": \"Destiney Greenholt\"}',1,'2019-04-29 05:17:49','2021-03-15 18:41:01'),(23,39,'http://dropbox.com/vk/nm.avi',6507000,'{\"owner\": \"Salvatore Altenwerth\"}',3,'2012-09-10 03:21:21','2021-03-15 18:11:14'),(24,47,'http://dropbox.com/vk/yrukrn.mp4',3686411,'{\"owner\": \"Dalton Hansen\"}',1,'2019-03-31 16:27:21','2021-03-15 18:41:01'),(25,18,'http://dropbox.com/vk/djurj6.mp3',8911045,'{\"owner\": \"Rahul Sporer\"}',1,'2017-10-24 19:51:40','2021-03-15 18:11:14'),(26,49,'http://dropbox.com/vk/rjyju.png',3495983,'{\"owner\": \"Garfield Wuckert\"}',1,'2019-05-12 09:05:39','2021-03-15 18:41:01'),(27,91,'http://dropbox.com/vk/yrn6nrr.avi',746774,'{\"owner\": \"Zaria Thiel\"}',1,'2020-06-17 14:53:04','2021-03-15 18:11:14'),(28,6,'http://dropbox.com/vk/ryujr.mp3',3245909,'{\"owner\": \"Selmer Dickens\"}',1,'2013-10-17 04:08:28','2021-03-15 18:41:01'),(29,55,'http://dropbox.com/vk/fjm.png',3989213,'{\"owner\": \"Dante Herman\"}',3,'2018-01-25 13:56:00','2021-03-15 18:11:14'),(30,59,'http://dropbox.com/vk/mfhjmr.avi',208332,'{\"owner\": \"Sallie Towne\"}',2,'2020-08-07 03:46:05','2021-03-15 18:41:01'),(31,29,'http://dropbox.com/vk/ryujrjyu.png',9074009,'{\"owner\": \"Kristian Lockman\"}',3,'2011-03-30 12:47:19','2021-03-15 18:11:14'),(32,69,'http://dropbox.com/vk/ryujry.jpg',4745042,'{\"owner\": \"Garry Aufderhar\"}',3,'2015-02-21 22:41:02','2021-03-15 18:41:01'),(33,55,'http://dropbox.com/vk/eytuty.mp3',6503172,'{\"owner\": \"Dante Herman\"}',2,'2016-06-03 10:16:01','2021-03-15 18:41:01'),(34,69,'http://dropbox.com/vk/xssn.jpg',8280725,'{\"owner\": \"Garry Aufderhar\"}',3,'2020-06-25 08:45:06','2021-03-15 18:41:01'),(35,80,'http://dropbox.com/vk/ecuje6u.mp3',1894102,'{\"owner\": \"Cloyd Ortiz\"}',1,'2017-03-28 05:38:14','2021-03-15 18:41:01'),(36,92,'http://dropbox.com/vk/yoig,m.avi',4628324,'{\"owner\": \"Delpha Upton\"}',2,'2018-02-19 08:54:15','2021-03-15 18:11:14'),(37,18,'http://dropbox.com/vk/fjmfhj.png',7459307,'{\"owner\": \"Rahul Sporer\"}',2,'2012-06-13 00:41:11','2021-03-15 18:41:01'),(38,13,'http://dropbox.com/vk/mch.jpg',3411553,'{\"owner\": \"Doyle Willms\"}',3,'2016-12-12 11:31:13','2021-03-15 18:41:01'),(39,10,'http://dropbox.com/vk/yud.mp4',4679834,'{\"owner\": \"Sister Sawayn\"}',1,'2014-09-22 19:57:59','2021-03-15 18:41:01'),(40,13,'http://dropbox.com/vk/gjmfy.png',3164502,'{\"owner\": \"Doyle Willms\"}',1,'2016-05-05 05:17:12','2021-03-15 18:11:14'),(41,33,'http://dropbox.com/vk/ghn.mp4',1783000,'{\"owner\": \"Robert Lockman\"}',3,'2017-06-26 08:21:22','2021-03-15 18:41:01'),(42,24,'http://dropbox.com/vk/zegw.mp3',9421486,'{\"owner\": \"Shanna Macejkovic\"}',3,'2016-10-03 13:33:17','2021-03-15 18:11:14'),(43,24,'http://dropbox.com/vk/olp.mp4',1758418,'{\"owner\": \"Shanna Macejkovic\"}',1,'2018-07-19 11:55:25','2021-03-15 18:11:14'),(44,46,'http://dropbox.com/vk/cmfhm.mp3',527623,'{\"owner\": \"Estel Grady\"}',1,'2011-07-10 16:02:56','2021-03-15 18:11:14'),(45,55,'http://dropbox.com/vk/poiyu.mp3',7362851,'{\"owner\": \"Dante Herman\"}',2,'2014-04-12 00:11:23','2021-03-15 18:41:01'),(46,40,'http://dropbox.com/vk/nfyuj.jpg',5231379,'{\"owner\": \"Dawn Heaney\"}',1,'2017-07-08 15:17:05','2021-03-15 18:11:14'),(47,33,'http://dropbox.com/vk/rtye.png',4068331,'{\"owner\": \"Robert Lockman\"}',2,'2015-04-10 10:09:17','2021-03-15 18:41:01'),(48,44,'http://dropbox.com/vk/werwf.mp3',4647510,'{\"owner\": \"Colten Botsford\"}',2,'2016-09-11 09:27:45','2021-03-15 18:11:14'),(49,21,'http://dropbox.com/vk/ukmfy.png',1032549,'{\"owner\": \"Aryanna Anderson\"}',1,'2016-11-01 17:10:56','2021-03-15 18:41:01'),(50,74,'http://dropbox.com/vk/ngj.mp3',1220205,'{\"owner\": \"Nathanial Romaguera\"}',1,'2021-02-17 06:14:32','2021-03-15 18:41:01'),(51,5,'http://dropbox.com/vk/ghfnf.mp3',3003368,'{\"owner\": \"Prince Schoen\"}',1,'2012-01-11 08:24:47','2021-03-15 18:41:01'),(52,4,'http://dropbox.com/vk/vdfvdd.mp3',1356217,'{\"owner\": \"Alberta Walker\"}',3,'2017-08-02 17:49:39','2021-03-15 18:41:01'),(53,5,'http://dropbox.com/vk/hkhmn.mp4',7770971,'{\"owner\": \"Prince Schoen\"}',1,'2016-12-12 00:54:05','2021-03-15 18:41:01'),(54,13,'http://dropbox.com/vk/ndt.png',4786195,'{\"owner\": \"Doyle Willms\"}',2,'2019-08-05 07:45:16','2021-03-15 18:41:01'),(55,50,'http://dropbox.com/vk/ereg.png',618054,'{\"owner\": \"Destiney Greenholt\"}',2,'2014-03-25 11:31:48','2021-03-15 18:11:14'),(56,10,'http://dropbox.com/vk/dfbrgb.mp4',8731674,'{\"owner\": \"Sister Sawayn\"}',3,'2016-07-13 16:17:04','2021-03-15 18:41:01'),(57,98,'http://dropbox.com/vk/hjuyj.png',1804201,'{\"owner\": \"Hilbert Daniel\"}',1,'2015-09-11 20:39:23','2021-03-15 18:11:14'),(58,59,'http://dropbox.com/vk/jmgnd.mp3',2825974,'{\"owner\": \"Sallie Towne\"}',2,'2014-12-09 01:57:03','2021-03-15 18:11:14'),(59,1,'http://dropbox.com/vk/ttukr.mp3',8717257,'{\"owner\": \"Sabina Miller\"}',1,'2011-06-23 07:46:25','2021-03-15 18:41:01'),(60,28,'http://dropbox.com/vk/ryyhyr.mp3',5108354,'{\"owner\": \"Genoveva Kihn\"}',2,'2019-06-12 18:25:03','2021-03-15 18:11:14'),(61,38,'http://dropbox.com/vk/ghn.mp4',9389990,'{\"owner\": \"Kaela Glover\"}',2,'2020-01-18 02:10:21','2021-03-15 18:11:14'),(62,5,'http://dropbox.com/vk/iktumf.jpg',1624879,'{\"owner\": \"Prince Schoen\"}',3,'2015-03-28 02:47:19','2021-03-15 18:11:14'),(63,10,'http://dropbox.com/vk/dgghnfhjm.avi',9954416,'{\"owner\": \"Sister Sawayn\"}',2,'2018-01-18 19:04:24','2021-03-15 18:41:01'),(64,34,'http://dropbox.com/vk/dnd.mp4',4897434,'{\"owner\": \"Kenny Abshire\"}',1,'2019-11-18 22:48:50','2021-03-15 18:11:14'),(65,38,'http://dropbox.com/vk/dtmryu.jpg',4623914,'{\"owner\": \"Kaela Glover\"}',2,'2011-06-14 14:25:31','2021-03-15 18:41:01'),(66,88,'http://dropbox.com/vk/tyhct.mp3',8427256,'{\"owner\": \"Lonny Tromp\"}',1,'2013-04-09 06:54:23','2021-03-15 18:41:01'),(67,26,'http://dropbox.com/vk/imyrm.avi',8264528,'{\"owner\": \"Bruce Rowe\"}',2,'2018-11-15 21:36:12','2021-03-15 18:11:14'),(68,64,'http://dropbox.com/vk/crthtyh.mp3',6040865,'{\"owner\": \"Lauren Rolfson\"}',3,'2018-11-10 08:09:18','2021-03-15 18:41:01'),(69,44,'http://dropbox.com/vk/mymvy.jpg',5410733,'{\"owner\": \"Colten Botsford\"}',3,'2018-03-25 22:10:47','2021-03-15 18:11:14'),(70,26,'http://dropbox.com/vk/gfgfb.mp4',8931060,'{\"owner\": \"Bruce Rowe\"}',3,'2020-08-06 10:46:46','2021-03-15 18:41:01'),(71,97,'http://dropbox.com/vk/lkjklk.mp3',8423089,'{\"owner\": \"Kelsie Stamm\"}',2,'2011-04-14 18:29:40','2021-03-15 18:41:01'),(72,5,'http://dropbox.com/vk/asddf.png',5322260,'{\"owner\": \"Prince Schoen\"}',3,'2017-10-22 14:26:10','2021-03-15 18:41:01'),(73,36,'http://dropbox.com/vk/sdfs.jpg',1342021,'{\"owner\": \"Leanna Ruecker\"}',2,'2011-03-29 13:48:06','2021-03-15 18:11:14'),(74,62,'http://dropbox.com/vk/werwf.png',743316,'{\"owner\": \"Jammie Hane\"}',1,'2011-05-12 07:57:14','2021-03-15 18:41:01'),(75,3,'http://dropbox.com/vk/sdvvs.avi',9690507,'{\"owner\": \"Annetta Torp\"}',2,'2019-07-22 04:20:22','2021-03-15 18:41:01'),(76,28,'http://dropbox.com/vk/sfve.mp3',6222579,'{\"owner\": \"Genoveva Kihn\"}',2,'2018-04-23 11:35:33','2021-03-15 18:41:01'),(77,30,'http://dropbox.com/vk/rferf.png',2041366,'{\"owner\": \"Stuart Balistreri\"}',3,'2013-08-16 01:38:13','2021-03-15 18:41:01'),(78,65,'http://dropbox.com/vk/ddfv.avi',1539085,'{\"owner\": \"Juana Durgan\"}',2,'2019-01-30 15:04:28','2021-03-15 18:11:14'),(79,34,'http://dropbox.com/vk/bdbd.jpg',1571316,'{\"owner\": \"Kenny Abshire\"}',1,'2020-09-28 00:30:31','2021-03-15 18:11:14'),(80,74,'http://dropbox.com/vk/dgbrt.mp3',3239316,'{\"owner\": \"Nathanial Romaguera\"}',3,'2012-09-13 04:21:26','2021-03-15 18:41:01'),(81,68,'http://dropbox.com/vk/bfbb.png',1482623,'{\"owner\": \"Zaria Ondricka\"}',3,'2013-08-01 05:21:59','2021-03-15 18:41:01'),(82,19,'http://dropbox.com/vk/tyhb.png',7695156,'{\"owner\": \"Filiberto Doyle\"}',2,'2020-02-19 10:09:51','2021-03-15 18:11:14'),(83,91,'http://dropbox.com/vk/dbn.mp3',4027902,'{\"owner\": \"Zaria Thiel\"}',2,'2018-06-08 06:41:36','2021-03-15 18:11:14'),(84,94,'http://dropbox.com/vk/sfgbwrb.mp3',7054032,'{\"owner\": \"Adonis Larkin\"}',1,'2012-03-01 08:02:56','2021-03-15 18:41:01'),(85,100,'http://dropbox.com/vk/rnsfgb.avi',3186446,'{\"owner\": \"Velda Effertz\"}',1,'2014-04-02 11:26:26','2021-03-15 18:41:01'),(86,18,'http://dropbox.com/vk/ydhf.jpg',4770127,'{\"owner\": \"Rahul Sporer\"}',3,'2011-04-13 01:23:37','2021-03-15 18:41:01'),(87,88,'http://dropbox.com/vk/fsdsff.avi',4291285,'{\"owner\": \"Lonny Tromp\"}',2,'2020-01-17 19:11:48','2021-03-15 18:41:01'),(88,84,'http://dropbox.com/vk/fbdfbm.avi',7146034,'{\"owner\": \"Joanny Bruen\"}',2,'2011-07-08 17:01:10','2021-03-15 18:41:01'),(89,56,'http://dropbox.com/vk/ldfkvjd.png',2856307,'{\"owner\": \"Edd Marvin\"}',1,'2019-06-23 02:15:56','2021-03-15 18:41:01'),(90,29,'http://dropbox.com/vk/pobfvbd.png',2843425,'{\"owner\": \"Kristian Lockman\"}',2,'2011-04-01 16:23:57','2021-03-15 18:11:14'),(91,74,'http://dropbox.com/vk/bdb.png',5648195,'{\"owner\": \"Nathanial Romaguera\"}',1,'2014-08-05 03:18:43','2021-03-15 18:41:01'),(92,84,'http://dropbox.com/vk/sderf.mp4',9710690,'{\"owner\": \"Joanny Bruen\"}',3,'2016-06-28 05:09:56','2021-03-15 18:11:14'),(93,99,'http://dropbox.com/vk/gbv.mp3',1608856,'{\"owner\": \"Sherwood Kuhlman\"}',1,'2017-07-13 09:53:18','2021-03-15 18:41:01'),(94,42,'http://dropbox.com/vk/sfgnw.mp4',8912200,'{\"owner\": \"Magdalena Jaskolski\"}',3,'2017-08-22 13:22:25','2021-03-15 18:41:01'),(95,11,'http://dropbox.com/vk/cvb.png',9734425,'{\"owner\": \"Addie Gutmann\"}',1,'2016-01-26 10:05:06','2021-03-15 18:41:01'),(96,29,'http://dropbox.com/vk/vbnf.jpg',1935515,'{\"owner\": \"Kristian Lockman\"}',1,'2015-12-06 03:31:35','2021-03-15 18:41:01'),(97,13,'http://dropbox.com/vk/rthr.png',474291,'{\"owner\": \"Doyle Willms\"}',3,'2013-08-03 10:51:53','2021-03-15 18:11:14'),(98,75,'http://dropbox.com/vk/rhffb.jpg',6564899,'{\"owner\": \"Anastasia Jacobson\"}',1,'2018-08-16 23:19:13','2021-03-15 18:41:01'),(99,37,'http://dropbox.com/vk/oyl.mp4',1401612,'{\"owner\": \"Howard Moore\"}',2,'2013-11-20 02:38:27','2021-03-15 18:41:01'),(100,60,'http://dropbox.com/vk/vbnfdh.jpg',7313356,'{\"owner\": \"Erin Lakin\"}',3,'2017-07-01 22:29:28','2021-03-15 18:11:14');
/*!40000 ALTER TABLE `media` ENABLE KEYS */;
UNLOCK TABLES;

--
-- Table structure for table `media_types`
--

DROP TABLE IF EXISTS `media_types`;
/*!40101 SET @saved_cs_client     = @@character_set_client */;
/*!50503 SET character_set_client = utf8mb4 */;
CREATE TABLE `media_types` (
  `id` int unsigned NOT NULL AUTO_INCREMENT COMMENT '╨Ш╨┤╨╡╨╜╤В╨╕╤Д╨╕╨║╨░╤В╨╛╤А ╤Б╤В╤А╨╛╨║╨╕',
  `name` varchar(255) CHARACTER SET utf8mb4 COLLATE utf8mb4_unicode_ci NOT NULL COMMENT '╨Э╨░╨╖╨▓╨░╨╜╨╕╨╡ ╤В╨╕╨┐╨░',
  `created_at` datetime DEFAULT CURRENT_TIMESTAMP COMMENT '╨Т╤А╨╡╨╝╤П ╤Б╨╛╨╖╨┤╨░╨╜╨╕╤П ╤Б╤В╤А╨╛╨║╨╕',
  `updated_at` datetime DEFAULT CURRENT_TIMESTAMP ON UPDATE CURRENT_TIMESTAMP COMMENT '╨Т╤А╨╡╨╝╤П ╨╛╨▒╨╜╨╛╨▓╨╗╨╡╨╜╨╕╤П ╤Б╤В╤А╨╛╨║╨╕',
  PRIMARY KEY (`id`),
  UNIQUE KEY `name` (`name`)
) ENGINE=InnoDB AUTO_INCREMENT=4 DEFAULT CHARSET=utf8mb4 COLLATE=utf8mb4_unicode_ci COMMENT='╨в╨╕╨┐╤Л ╨╝╨╡╨┤╨╕╨░╤Д╨░╨╣╨╗╨╛╨▓';
/*!40101 SET character_set_client = @saved_cs_client */;

--
-- Dumping data for table `media_types`
--

LOCK TABLES `media_types` WRITE;
/*!40000 ALTER TABLE `media_types` DISABLE KEYS */;
INSERT INTO `media_types` VALUES (1,'Video','2021-03-15 18:38:56','2021-03-15 18:38:56'),(2,'Photo','2021-03-15 18:38:56','2021-03-15 18:38:56'),(3,'Audio','2021-03-15 18:38:56','2021-03-15 18:38:56');
/*!40000 ALTER TABLE `media_types` ENABLE KEYS */;
UNLOCK TABLES;

--
-- Table structure for table `messages`
--

DROP TABLE IF EXISTS `messages`;
/*!40101 SET @saved_cs_client     = @@character_set_client */;
/*!50503 SET character_set_client = utf8mb4 */;
CREATE TABLE `messages` (
  `id` int unsigned NOT NULL AUTO_INCREMENT COMMENT '╨Ш╨┤╨╡╨╜╤В╨╕╤Д╨╕╨║╨░╤В╨╛╤А ╤Б╤В╤А╨╛╨║╨╕',
  `from_user_id` int unsigned NOT NULL COMMENT '╨б╤Б╤Л╨╗╨║╨░ ╨╜╨░ ╨╛╤В╨┐╤А╨░╨▓╨╕╤В╨╡╨╗╤П ╤Б╨╛╨╛╨▒╤Й╨╡╨╜╨╕╤П',
  `to_user_id` int unsigned NOT NULL COMMENT '╨б╤Б╤Л╨╗╨║╨░ ╨╜╨░ ╨┐╨╛╨╗╤Г╤З╨░╤В╨╡╨╗╤П ╤Б╨╛╨╛╨▒╤Й╨╡╨╜╨╕╤П',
  `body` text CHARACTER SET utf8mb4 COLLATE utf8mb4_unicode_ci NOT NULL COMMENT '╨в╨╡╨║╤Б╤В ╤Б╨╛╨╛╨▒╤Й╨╡╨╜╨╕╤П',
  `is_important` tinyint(1) DEFAULT NULL COMMENT '╨Я╤А╨╕╨╖╨╜╨░╨║ ╨▓╨░╨╢╨╜╨╛╤Б╤В╨╕',
  `is_delivered` tinyint(1) DEFAULT NULL COMMENT '╨Я╤А╨╕╨╖╨╜╨░╨║ ╨┤╨╛╤Б╤В╨░╨▓╨║╨╕',
  `created_at` datetime DEFAULT CURRENT_TIMESTAMP COMMENT '╨Т╤А╨╡╨╝╤П ╤Б╨╛╨╖╨┤╨░╨╜╨╕╤П ╤Б╤В╤А╨╛╨║╨╕',
  PRIMARY KEY (`id`)
) ENGINE=InnoDB AUTO_INCREMENT=26 DEFAULT CHARSET=utf8mb4 COLLATE=utf8mb4_unicode_ci COMMENT='╨б╨╛╨╛╨▒╤Й╨╡╨╜╨╕╤П';
/*!40101 SET character_set_client = @saved_cs_client */;

--
-- Dumping data for table `messages`
--

LOCK TABLES `messages` WRITE;
/*!40000 ALTER TABLE `messages` DISABLE KEYS */;
INSERT INTO `messages` VALUES (1,59,68,'Tenetur facere et aut dicta. Non quaerat esse rerum facere eveniet in voluptatibus. Cupiditate corporis quod a. Quidem ad laborum totam aut.',1,1,'2020-08-20 23:48:25'),(2,64,15,'Maiores dicta dolorem porro laborum accusantium maxime. Autem placeat voluptates voluptate omnis tempore optio qui. Incidunt fugiat velit quis.',1,0,'2021-01-25 19:04:34'),(3,84,74,'Minima saepe maiores in porro placeat. Expedita fugiat a officia sint. Et iure quidem reprehenderit aut tenetur nulla. Velit est eum aut doloremque accusantium fuga voluptas et.',0,1,'2020-06-11 08:00:45'),(4,17,61,'Molestiae commodi porro accusamus quae. Suscipit architecto assumenda sapiente cupiditate error quam. Officia distinctio molestiae perspiciatis nesciunt earum reprehenderit et.',0,1,'2020-08-22 21:01:11'),(5,57,98,'Dolores cumque deserunt porro fuga aliquid sunt culpa. Cumque enim quia quasi placeat deserunt atque ea quis. Ea architecto omnis quam quidem.',0,1,'2021-02-16 09:47:46'),(6,22,12,'Necessitatibus earum iste sed explicabo quis quia. Id aliquid quasi nisi.',1,1,'2020-08-02 21:36:18'),(7,97,47,'Voluptatem dignissimos consequatur est eos. A est et distinctio molestias et cupiditate molestiae. Magnam sapiente cupiditate placeat et temporibus mollitia delectus vero. Vel aut rem sunt.',1,1,'2020-07-10 17:16:21'),(8,43,75,'Qui in iure in eos. Sit et deserunt rem eum magni commodi cum. Amet alias totam architecto laboriosam ut.',1,0,'2020-08-30 18:36:46'),(9,44,96,'Aut pariatur quisquam non excepturi. Non eos soluta quis enim. Quia ea perspiciatis ex molestias. Eligendi ut cumque enim sed est eos. Tempore aut voluptatem fuga sed magnam.',0,1,'2020-03-27 09:20:54'),(10,46,41,'Officiis tenetur est cupiditate aut iure ratione. Officiis et nihil at similique ut praesentium. In sequi eligendi velit sed eum vel autem. Et nobis laborum et facere ad sint omnis.',1,0,'2020-10-10 07:16:27'),(11,65,4,'Quia accusamus commodi sit perspiciatis saepe eligendi. Est error quia reiciendis suscipit. Reprehenderit est quam voluptatem quibusdam molestiae.',1,0,'2020-04-17 13:45:58'),(12,25,12,'Quod qui porro voluptas aut libero optio. Nemo est debitis nihil est voluptas nihil.',0,0,'2020-03-28 19:02:38'),(13,84,84,'Ipsa aut quis repudiandae delectus sit mollitia dolorem voluptatem. Amet pariatur ipsa asperiores totam et. Exercitationem labore enim illum eos similique consequatur quam. Et harum et suscipit sit in.',1,1,'2021-01-20 10:42:11'),(14,69,89,'Labore voluptas consequatur qui vel iusto enim atque ut. Quisquam architecto eaque natus cum. Qui officia nisi tempore quibusdam. Exercitationem eveniet aut dolorem impedit ut. Assumenda quisquam asperiores distinctio ipsam in.',1,0,'2021-01-19 03:52:29'),(15,40,32,'Modi quas accusamus sapiente dolorem enim velit cumque. Et voluptatibus numquam esse ut. Nisi magnam aut laborum rem est rerum modi aspernatur.',0,1,'2020-12-30 03:58:12'),(16,39,98,'Culpa dolore voluptatem sed repudiandae. Dolores et voluptas sint et et. Harum quo amet eaque. Rem tempora voluptatem quo possimus eveniet ut.',0,0,'2020-05-28 20:54:43'),(17,74,73,'Velit accusantium nam voluptas est voluptatibus iure. Sed accusamus aut perferendis aspernatur. Sint praesentium a quia vero et.',1,0,'2020-11-24 17:21:58'),(18,43,95,'Nihil illo excepturi animi dolores delectus ab eum. Corporis optio est aut eaque qui perspiciatis sed. Eius officiis reprehenderit odit culpa non corporis. Cumque animi possimus voluptate quia. Molestias tenetur molestias facilis.',1,0,'2020-03-12 18:04:57'),(19,48,53,'Quasi ad id occaecati adipisci voluptatibus voluptatem. Molestias dicta fugiat autem. Cupiditate aut laborum necessitatibus aliquam quas dolorem qui. Ut labore doloribus est consectetur id vel odit.',0,0,'2020-07-18 21:17:09'),(20,20,41,'Excepturi veniam quia commodi non qui placeat. Esse magnam velit magni qui cum dolores. Eum sed laudantium velit et veritatis dolore corporis. Ut eos voluptas itaque neque ad blanditiis.',1,1,'2020-04-02 15:18:44'),(21,45,100,'Nihil ad quis ut aliquam ipsa maxime dolor. Repellat quasi iste iure molestiae odit ut sint dignissimos. Quis placeat reiciendis vel et itaque. Sequi occaecati praesentium odio id quo consectetur nisi.',0,0,'2020-11-15 12:56:25'),(22,64,20,'Consectetur a corrupti recusandae. Tenetur velit aut et numquam. Dolore est suscipit cupiditate libero rerum cumque sed quam.',1,1,'2021-01-29 01:05:23'),(23,10,88,'Eveniet velit omnis aut distinctio iure quod. Occaecati ut ipsa quos beatae veniam nisi. Optio laudantium laudantium eos eos dolores. Voluptate et corporis nam occaecati sapiente voluptatum.',1,0,'2020-09-16 09:18:50'),(24,8,75,'Non velit quas illo quas et. Quos at ut consequatur corrupti quis modi. Commodi cupiditate hic temporibus tempore magni eos.',0,1,'2020-05-16 14:29:09'),(25,51,29,'A incidunt doloremque velit quam. Vel assumenda blanditiis fugit quo officiis necessitatibus quia autem. Ut provident tenetur nostrum eligendi facere animi. Qui est molestias consequatur.',0,1,'2020-03-11 21:18:39');
/*!40000 ALTER TABLE `messages` ENABLE KEYS */;
UNLOCK TABLES;

--
-- Table structure for table `profiles`
--

DROP TABLE IF EXISTS `profiles`;
/*!40101 SET @saved_cs_client     = @@character_set_client */;
/*!50503 SET character_set_client = utf8mb4 */;
CREATE TABLE `profiles` (
  `user_id` int unsigned NOT NULL COMMENT '╨б╤Б╤Л╨╗╨║╨░ ╨╜╨░ ╨┐╨╛╨╗╤М╨╖╨╛╨▓╨░╤В╨╡╨╗╤П',
  `gender` enum('M','F') COLLATE utf8mb4_unicode_ci DEFAULT NULL,
  `birthday` date DEFAULT NULL COMMENT '╨Ф╨░╤В╨░ ╤А╨╛╨╢╨┤╨╡╨╜╨╕╤П',
  `city` varchar(130) CHARACTER SET utf8mb4 COLLATE utf8mb4_unicode_ci DEFAULT NULL COMMENT '╨У╨╛╤А╨╛╨┤ ╨┐╤А╨╛╨╢╨╕╨▓╨░╨╜╨╕╤П',
  `country` varchar(130) CHARACTER SET utf8mb4 COLLATE utf8mb4_unicode_ci DEFAULT NULL COMMENT '╨б╤В╤А╨░╨╜╨░ ╨┐╤А╨╛╨╢╨╕╨▓╨░╨╜╨╕╤П',
  `last_login` datetime DEFAULT NULL COMMENT '╨Я╨╛╤Б╨╗╨╡╨┤╨╜╨╕╨╣ ╨▓╤Е╨╛╨┤ ╨▓ ╤Б╨╕╤Б╤В╨╡╨╝╤Г',
  `created_at` datetime DEFAULT CURRENT_TIMESTAMP COMMENT '╨Т╤А╨╡╨╝╤П ╤Б╨╛╨╖╨┤╨░╨╜╨╕╤П ╤Б╤В╤А╨╛╨║╨╕',
  `updated_at` datetime DEFAULT CURRENT_TIMESTAMP ON UPDATE CURRENT_TIMESTAMP COMMENT '╨Т╤А╨╡╨╝╤П ╨╛╨▒╨╜╨╛╨▓╨╗╨╡╨╜╨╕╤П ╤Б╤В╤А╨╛╨║╨╕',
  PRIMARY KEY (`user_id`)
) ENGINE=InnoDB DEFAULT CHARSET=utf8mb4 COLLATE=utf8mb4_unicode_ci COMMENT='╨Я╤А╨╛╤Д╨╕╨╗╨╕';
/*!40101 SET character_set_client = @saved_cs_client */;

--
-- Dumping data for table `profiles`
--

LOCK TABLES `profiles` WRITE;
/*!40000 ALTER TABLE `profiles` DISABLE KEYS */;
INSERT INTO `profiles` VALUES (1,'F','2018-01-26','Ritchiefort','Wallis and Futuna','2021-02-24 02:54:29','2019-02-08 06:55:14','2021-03-15 09:56:30'),(2,'F','1983-05-04','Providencistad','Kiribati','2020-11-04 02:48:19','2019-01-02 11:22:40','2021-03-15 09:59:14'),(3,'M','2012-10-28','West Treburgh','Rwanda','2020-12-24 12:06:46','2018-05-22 12:21:55','2021-03-15 09:56:30'),(4,'F','1997-11-28','Lake Fosterfort','Germany','2021-01-11 12:36:30','2017-04-15 03:12:21','2021-03-15 09:59:14'),(5,'F','2015-09-13','South Yeseniafort','Ukraine','2020-07-27 02:01:30','2018-04-23 20:04:12','2021-03-15 09:56:30'),(6,'F','1979-07-13','Port Sylvanside','Guernsey','2021-01-29 04:25:57','2011-04-01 22:02:55','2021-03-15 09:56:30'),(7,'F','1988-12-19','Stefanieberg','Tunisia','2020-06-30 00:53:09','2013-10-04 01:14:50','2021-03-15 09:59:14'),(8,'M','1994-05-08','Heidenreichland','Isle of Man','2020-05-18 17:34:35','2012-03-02 21:50:28','2021-03-15 09:59:14'),(9,'F','2006-09-04','Beierhaven','Solomon Islands','2020-08-31 08:12:52','2011-11-02 13:43:25','2021-03-15 09:56:30'),(10,'M','2005-09-11','West Zoilatown','Honduras','2020-07-08 21:43:35','2012-12-29 06:29:37','2021-03-15 09:59:14'),(11,'M','1998-03-01','North Wilsonbury','Peru','2020-05-26 05:35:25','2013-08-31 18:03:59','2021-03-15 09:59:14'),(12,'M','2007-07-15','Joannyview','Sao Tome and Principe','2020-08-03 09:51:03','2012-05-09 03:49:53','2021-03-15 09:59:14'),(13,'M','2020-07-16','Rauton','Slovenia','2020-08-12 14:31:01','2014-05-12 18:18:45','2021-03-15 09:59:14'),(14,'M','2004-09-17','South Hortensestad','Bouvet Island (Bouvetoya)','2020-07-11 21:58:09','2014-07-29 10:51:58','2021-03-15 09:56:30'),(15,'M','1972-10-22','North Neva','Grenada','2020-09-30 03:17:58','2019-06-13 21:22:58','2021-03-15 09:59:14'),(16,'F','1998-06-25','Port Jillian','Iraq','2020-10-12 13:21:41','2021-01-29 03:34:57','2021-03-15 09:59:14'),(17,'F','2003-11-28','Barrettside','Finland','2020-11-18 11:35:01','2011-05-30 14:12:24','2021-03-15 09:59:14'),(18,'M','1984-03-01','Langhaven','Isle of Man','2020-03-07 09:11:48','2015-07-01 14:23:01','2021-03-15 09:59:14'),(19,'M','2007-12-04','Kleinborough','Cameroon','2020-06-21 08:00:58','2012-09-06 05:35:46','2021-03-15 09:59:14'),(20,'M','2010-01-11','Romamouth','Ghana','2020-05-15 18:12:40','2012-04-28 06:34:51','2021-03-15 09:59:14'),(21,'F','2000-12-26','Jayceland','United States Minor Outlying Islands','2020-06-30 09:35:41','2020-09-02 02:44:01','2021-03-15 09:56:30'),(22,'F','2004-01-06','New Damionton','Gambia','2020-10-24 06:34:40','2017-11-27 03:20:19','2021-03-15 09:56:30'),(23,'M','1997-04-21','West Heloise','Bouvet Island (Bouvetoya)','2020-04-24 16:48:35','2017-12-19 12:38:44','2021-03-15 09:56:30'),(24,'F','1980-11-08','Janport','Gambia','2020-05-08 09:25:10','2015-11-15 03:57:39','2021-03-15 09:59:14'),(25,'M','2017-02-21','Faustinoberg','Namibia','2021-03-02 21:49:29','2016-10-03 00:19:18','2021-03-15 09:59:14'),(26,'F','1998-04-24','Lake Kara','Romania','2020-11-03 23:29:46','2011-12-09 00:03:03','2021-03-15 09:56:30'),(27,'M','2020-08-20','West Maurinemouth','Japan','2020-03-15 05:03:12','2013-07-31 03:55:12','2019-05-14 14:24:31'),(28,'F','1977-08-01','Sawaynmouth','Niger','2021-02-24 03:00:49','2015-05-15 11:23:11','2021-03-15 09:59:14'),(29,'F','2007-02-21','North Delphiaport','Saint Martin','2021-02-07 21:33:59','2018-07-24 21:19:36','2021-03-15 09:59:14'),(30,'F','2020-02-04','Websterside','Turks and Caicos Islands','2021-02-24 08:59:56','2012-09-16 09:13:45','2021-03-15 09:56:30'),(31,'F','1999-01-10','South Isabelmouth','Western Sahara','2020-09-06 03:29:52','2019-08-19 14:50:34','2021-03-15 09:56:30'),(32,'M','1992-03-24','North Titoburgh','Bangladesh','2020-07-21 06:54:28','2015-06-14 00:31:30','2012-10-23 15:30:33'),(33,'F','2006-02-10','South Minnie','Philippines','2020-11-17 06:34:17','2016-04-01 21:06:21','2021-03-15 09:56:30'),(34,'M','2012-11-20','Grahamside','Qatar','2021-02-28 00:14:36','2019-10-08 20:50:48','2021-03-15 09:59:14'),(35,'M','1998-05-29','West Tierraberg','Sweden','2020-12-04 10:01:15','2011-11-12 21:08:28','2021-03-15 09:56:30'),(36,'F','2010-11-25','Terenceton','Dominica','2021-01-28 19:17:03','2017-09-15 13:22:41','2021-03-15 09:59:14'),(37,'F','1989-03-26','Ginastad','Nauru','2020-04-27 11:12:39','2014-04-04 00:52:11','2021-03-15 09:59:14'),(38,'M','2002-01-16','South Joel','Sweden','2020-12-25 03:50:17','2018-12-01 05:13:00','2020-06-06 07:34:59'),(39,'M','1986-10-29','East Mariamton','Kyrgyz Republic','2020-05-22 17:26:11','2013-09-13 23:07:10','2018-01-26 07:52:32'),(40,'M','1976-04-28','Kunzeville','Croatia','2021-02-20 11:56:22','2016-09-12 00:51:27','2021-03-15 09:56:30'),(41,'F','2002-12-08','South Hellenview','Papua New Guinea','2020-07-02 05:16:01','2018-02-20 08:40:28','2021-03-15 09:56:30'),(42,'F','2020-12-25','Batzbury','Cook Islands','2020-06-20 04:30:54','2016-03-23 17:57:30','2021-03-15 09:59:14'),(43,'M','1984-05-22','Wintheiserville','Eritrea','2021-03-04 17:00:47','2016-09-04 13:36:55','2021-03-15 09:59:14'),(44,'M','2004-07-09','North Candice','Lebanon','2020-05-05 00:43:39','2012-02-05 15:13:26','2021-03-15 09:56:30'),(45,'F','1991-07-08','Dibbertberg','Morocco','2021-02-15 08:26:41','2011-11-13 03:09:07','2021-03-15 09:56:30'),(46,'M','1990-03-27','Breanneland','Djibouti','2021-02-01 05:07:58','2018-10-29 17:02:01','2020-12-24 06:38:01'),(47,'F','1980-10-30','Handport','Guinea-Bissau','2021-01-14 01:07:02','2012-04-26 23:15:53','2021-03-15 09:56:30'),(48,'M','1981-04-17','Denesikside','French Guiana','2020-07-18 18:31:44','2020-09-17 04:25:27','2015-09-08 08:04:48'),(49,'M','2009-11-15','West Ashtyn','Malawi','2020-04-19 22:25:44','2013-09-22 03:35:20','2020-08-30 13:13:33'),(50,'M','2016-11-14','Rodrickview','French Southern Territories','2020-07-17 21:15:41','2019-09-05 11:07:31','2021-03-15 09:56:30'),(51,'F','1993-09-25','Othoborough','Afghanistan','2020-09-01 17:54:52','2014-09-07 23:47:45','2021-03-15 09:56:30'),(52,'M','1986-10-29','Myriamberg','New Caledonia','2020-09-27 19:43:41','2019-05-05 12:44:03','2021-03-15 09:59:14'),(53,'M','2016-08-13','West Dougstad','Sudan','2020-09-27 10:28:04','2017-10-03 19:20:33','2021-03-15 09:56:30'),(54,'M','1992-01-27','Rhettview','Bulgaria','2021-01-18 09:37:35','2017-01-01 15:12:37','2021-03-15 09:59:14'),(55,'M','1998-10-11','Jaskolskiport','Dominican Republic','2020-09-28 13:04:05','2013-02-03 06:47:21','2021-03-15 09:59:14'),(56,'M','1979-12-23','Lake Guadalupe','Lithuania','2020-09-22 19:37:55','2011-11-19 04:23:07','2021-03-15 09:56:30'),(57,'M','1988-05-29','Lake Mayaside','Ukraine','2020-04-01 12:01:51','2011-08-26 05:16:44','2021-03-15 09:59:14'),(58,'F','1999-10-31','Lake Tatechester','Ethiopia','2021-01-14 01:45:17','2018-07-29 02:43:31','2021-03-15 09:56:30'),(59,'M','1983-12-11','South Stuart','Senegal','2020-03-17 22:22:13','2014-01-15 22:44:42','2021-03-15 09:59:14'),(60,'F','1987-05-19','Port Billie','Taiwan','2020-03-08 18:16:54','2018-05-15 21:12:28','2021-03-15 09:56:30'),(61,'F','1982-07-16','Beattytown','Belarus','2020-11-23 14:43:33','2012-05-13 15:51:35','2021-03-15 09:59:14'),(62,'M','1990-02-22','Hectormouth','Lithuania','2021-02-01 08:43:58','2018-12-29 22:25:09','2021-03-15 09:59:14'),(63,'M','1975-04-28','New Kailynview','French Polynesia','2020-12-02 21:11:26','2015-01-21 14:10:33','2021-03-15 09:59:14'),(64,'F','1985-02-08','South Teaganmouth','Guam','2020-11-16 03:22:04','2016-05-28 23:33:12','2021-03-15 09:59:14'),(65,'F','2003-10-26','West Hildegard','Brazil','2020-06-26 04:51:36','2018-10-15 23:10:11','2021-03-15 09:59:14'),(66,'F','2020-10-15','South Jayne','Martinique','2020-05-22 19:42:39','2017-10-17 20:23:23','2021-03-15 09:56:30'),(67,'F','1973-12-08','Frederikberg','Bahrain','2021-01-15 17:39:15','2017-02-17 10:19:38','2021-03-15 09:56:30'),(68,'F','1984-03-16','Altenwerthside','Guernsey','2020-10-25 09:01:47','2015-08-16 13:22:58','2021-03-15 09:59:14'),(69,'M','1981-11-29','Yostbury','Morocco','2020-09-03 20:49:27','2021-02-10 00:33:44','2013-03-27 06:38:49'),(70,'M','1974-08-21','Ornton','Kiribati','2020-07-28 02:52:42','2015-04-14 08:12:04','2021-03-15 09:59:14'),(71,'M','1972-11-03','Ottisview','Belarus','2020-10-26 08:39:36','2016-05-31 16:22:06','2019-07-25 16:14:22'),(72,'F','1981-03-21','North Dale','United Arab Emirates','2020-07-03 00:09:55','2016-03-28 01:02:54','2021-03-15 09:56:30'),(73,'F','1977-02-26','Johnsonstad','Afghanistan','2020-04-20 19:29:43','2015-05-25 06:43:15','2021-03-15 09:56:30'),(74,'M','2009-10-06','East Alison','Bahrain','2020-07-12 10:56:45','2021-01-07 03:12:20','2021-03-15 09:59:14'),(75,'F','2011-05-30','Jaskolskibury','Ukraine','2020-11-29 02:05:42','2012-09-21 20:06:35','2021-03-15 09:56:30'),(76,'F','2010-03-06','Heatherchester','Tuvalu','2020-04-30 06:12:02','2017-03-08 23:42:08','2021-03-15 09:56:30'),(77,'M','1978-07-28','Volkmanstad','Argentina','2020-09-13 12:25:19','2015-11-20 01:25:58','2013-07-22 07:16:12'),(78,'M','2017-03-19','North Verlieview','Saint Kitts and Nevis','2020-08-30 12:36:57','2017-04-26 09:30:57','2021-03-15 09:56:30'),(79,'F','1990-07-19','Port Joaquinmouth','Afghanistan','2021-01-20 01:22:55','2013-08-22 09:23:28','2021-03-15 09:56:30'),(80,'M','2020-10-13','North Orphaberg','Iraq','2021-01-29 10:09:32','2019-04-14 11:25:25','2021-03-15 09:59:14'),(81,'F','2010-07-30','South Valeriechester','Faroe Islands','2020-08-10 16:05:01','2012-12-21 00:09:37','2021-03-15 09:59:14'),(82,'F','1991-11-28','Macymouth','South Georgia and the South Sandwich Islands','2020-04-07 15:04:17','2016-10-07 21:48:52','2021-03-15 09:56:30'),(83,'F','1980-10-01','East Tyshawnville','Vanuatu','2020-12-01 09:31:54','2021-03-02 09:52:19','2021-03-15 09:59:14'),(84,'M','1982-01-11','Cummerataport','Namibia','2021-01-07 15:10:47','2012-06-17 10:08:26','2017-12-10 03:40:29'),(85,'M','1986-01-23','New Osvaldo','Central African Republic','2020-03-09 23:14:34','2020-10-17 09:41:12','2021-03-15 09:59:14'),(86,'M','2011-05-25','Kautzerborough','Cook Islands','2020-04-03 21:32:26','2015-03-26 01:28:33','2021-03-15 09:56:30'),(87,'F','2002-03-13','Riceborough','Algeria','2021-01-09 00:31:55','2017-08-18 23:26:32','2021-03-15 09:56:30'),(88,'F','1988-07-20','Rolfsonview','Marshall Islands','2020-12-02 18:49:01','2012-07-30 20:35:24','2021-03-15 09:56:30'),(89,'M','1973-03-22','East Vitamouth','Ukraine','2020-06-06 01:49:45','2015-05-05 18:32:14','2021-03-15 09:56:30'),(90,'M','2014-06-14','Harrisbury','Bahamas','2020-09-14 15:33:47','2018-04-18 05:16:19','2020-09-17 14:27:25'),(91,'F','1984-05-11','Gloverview','Saint Pierre and Miquelon','2021-03-01 14:14:38','2012-06-10 08:34:03','2021-03-15 09:56:30'),(92,'F','2020-12-24','New Kyle','Saint Lucia','2020-09-21 16:45:30','2019-04-11 08:17:10','2021-03-15 09:56:30'),(93,'M','2016-07-26','North Clotildeshire','Israel','2020-12-07 20:02:01','2011-08-08 13:19:26','2021-03-15 09:59:14'),(94,'M','1998-12-14','Grimesmouth','Tajikistan','2020-04-07 20:54:31','2019-07-28 06:07:58','2021-03-15 09:59:14'),(95,'F','1982-08-31','Bettyeton','Spain','2020-09-29 00:52:28','2017-09-02 14:00:59','2021-03-15 09:59:14'),(96,'M','1971-09-14','Lake Tyra','Saudi Arabia','2020-03-05 18:36:27','2015-08-29 01:37:09','2019-02-13 23:02:40'),(97,'M','1983-12-14','Lake Bella','Timor-Leste','2020-12-10 15:24:47','2020-05-04 13:12:27','2021-03-15 09:59:14'),(98,'F','1988-11-15','North Stanland','Heard Island and McDonald Islands','2020-05-14 05:06:32','2014-11-29 09:10:25','2021-03-15 09:56:30'),(99,'F','1980-03-22','Port Jaeden','Switzerland','2020-09-11 05:00:48','2017-08-02 15:50:45','2021-03-15 09:59:14'),(100,'F','2010-04-12','Schulistville','El Salvador','2020-04-13 13:21:17','2013-10-01 20:07:10','2021-03-15 09:59:14');
/*!40000 ALTER TABLE `profiles` ENABLE KEYS */;
UNLOCK TABLES;

--
-- Table structure for table `users`
--

DROP TABLE IF EXISTS `users`;
/*!40101 SET @saved_cs_client     = @@character_set_client */;
/*!50503 SET character_set_client = utf8mb4 */;
CREATE TABLE `users` (
  `id` int unsigned NOT NULL AUTO_INCREMENT COMMENT '╨Ш╨┤╨╡╨╜╤В╨╕╤Д╨╕╨║╨░╤В╨╛╤А ╤Б╤В╤А╨╛╨║╨╕',
  `first_name` varchar(100) CHARACTER SET utf8mb4 COLLATE utf8mb4_unicode_ci NOT NULL COMMENT '╨Ш╨╝╤П ╨┐╨╛╨╗╤М╨╖╨╛╨▓╨░╤В╨╡╨╗╤П',
  `last_name` varchar(100) CHARACTER SET utf8mb4 COLLATE utf8mb4_unicode_ci NOT NULL COMMENT '╨д╨░╨╝╨╕╨╗╨╕╤П ╨┐╨╛╨╗╤М╨╖╨╛╨▓╨░╤В╨╡╨╗╤П',
  `email` varchar(100) CHARACTER SET utf8mb4 COLLATE utf8mb4_unicode_ci NOT NULL COMMENT '╨Я╨╛╤З╤В╨░',
  `phone` varchar(100) CHARACTER SET utf8mb4 COLLATE utf8mb4_unicode_ci NOT NULL COMMENT '╨в╨╡╨╗╨╡╤Д╨╛╨╜',
  `created_at` datetime DEFAULT CURRENT_TIMESTAMP COMMENT '╨Т╤А╨╡╨╝╤П ╤Б╨╛╨╖╨┤╨░╨╜╨╕╤П ╤Б╤В╤А╨╛╨║╨╕',
  `updated_at` datetime DEFAULT CURRENT_TIMESTAMP ON UPDATE CURRENT_TIMESTAMP COMMENT '╨Т╤А╨╡╨╝╤П ╨╛╨▒╨╜╨╛╨▓╨╗╨╡╨╜╨╕╤П ╤Б╤В╤А╨╛╨║╨╕',
  PRIMARY KEY (`id`),
  UNIQUE KEY `email` (`email`),
  UNIQUE KEY `phone` (`phone`)
) ENGINE=InnoDB AUTO_INCREMENT=101 DEFAULT CHARSET=utf8mb4 COLLATE=utf8mb4_unicode_ci COMMENT='╨Я╨╛╨╗╤М╨╖╨╛╨▓╨░╤В╨╡╨╗╨╕';
/*!40101 SET character_set_client = @saved_cs_client */;

--
-- Dumping data for table `users`
--

LOCK TABLES `users` WRITE;
/*!40000 ALTER TABLE `users` DISABLE KEYS */;
INSERT INTO `users` VALUES (1,'Sabina','Miller','lamont.wilderman@example.com','(671)200-8785x6860','2011-05-30 03:14:07','2018-03-10 02:24:46'),(2,'Bernita','Gleichner','hudson.dicki@example.com','1-812-023-4702x27924','2020-11-16 11:26:21','2021-03-10 20:17:42'),(3,'Annetta','Torp','boris.abbott@example.net','758.278.2014x022','2013-12-12 00:18:36','2019-03-19 02:02:24'),(4,'Alberta','Walker','emmerich.blaze@example.net','(681)694-3568x54037','2016-06-08 04:09:07','2021-03-10 20:17:42'),(5,'Prince','Schoen','sarah06@example.org','665.540.8901x958','2017-10-27 02:21:04','2021-03-10 20:17:42'),(6,'Selmer','Dickens','damion57@example.com','(018)801-8212x39080','2017-05-06 13:02:04','2021-03-10 20:17:42'),(7,'Mackenzie','Carroll','taya.zboncak@example.com','(095)783-5610x4869','2019-06-25 00:29:26','2021-03-10 20:17:42'),(8,'Lurline','Herman','yundt.brielle@example.net','387-336-9959x147','2017-04-03 15:45:21','2019-09-10 10:41:02'),(9,'Vernice','Wintheiser','garland.dickens@example.net','764.328.3304','2016-08-05 22:41:33','2021-03-10 20:17:42'),(10,'Sister','Sawayn','dejon46@example.org','024.965.4173x477','2019-05-16 14:34:41','2021-03-10 20:17:42'),(11,'Addie','Gutmann','kathryn.franecki@example.com','781-126-2021x3080','2015-05-27 13:41:31','2020-03-17 14:18:01'),(12,'Montana','Tremblay','flatley.grady@example.net','(819)472-5977x476','2017-03-07 10:50:49','2019-01-14 17:16:04'),(13,'Doyle','Willms','lubowitz.shaylee@example.org','03918587186','2011-10-10 20:44:57','2018-07-30 01:18:36'),(14,'Cydney','McCullough','kevon34@example.com','1-594-317-4562','2013-05-15 00:30:04','2016-01-04 05:26:17'),(15,'Wilhelmine','Oberbrunner','glennie.doyle@example.net','1-329-722-7359x46449','2020-10-28 09:47:15','2021-03-10 20:17:42'),(16,'Adrien','Kulas','zwilderman@example.com','1-677-418-3348x0805','2019-11-20 10:50:33','2021-03-10 20:17:42'),(17,'Gaston','Hagenes','gorczany.hugh@example.com','963.395.2489x04162','2014-09-07 05:19:48','2015-01-22 09:12:56'),(18,'Rahul','Sporer','sschaefer@example.com','187-554-4880','2017-02-25 04:15:31','2019-11-08 12:56:29'),(19,'Filiberto','Doyle','agustina.hermann@example.net','396.616.1793','2011-05-25 08:53:15','2012-10-10 16:37:03'),(20,'Delia','Lockman','lorenz.lynch@example.com','385.260.8767','2016-04-16 19:01:09','2017-08-25 17:23:43'),(21,'Aryanna','Anderson','pacocha.vincenza@example.net','1-131-211-0245x42118','2014-11-22 22:07:24','2016-01-18 11:56:09'),(22,'Garth','Rice','gibson.annalise@example.net','+23(5)3230391109','2020-06-11 14:56:17','2021-03-10 20:17:42'),(23,'Winston','Murazik','mertz.kayli@example.com','(333)820-4668x509','2016-06-24 01:42:54','2021-03-10 20:17:42'),(24,'Shanna','Macejkovic','hayes.virgil@example.org','(902)536-0696x849','2016-05-28 05:39:21','2021-03-10 20:17:42'),(25,'Adele','Kemmer','nikolas.kemmer@example.com','557.627.4844','2016-07-17 10:33:58','2018-01-04 20:00:55'),(26,'Bruce','Rowe','mgibson@example.com','+61(2)2154590813','2013-03-08 02:54:43','2014-02-20 13:18:38'),(27,'Tiffany','Denesik','niko42@example.org','(981)129-9565','2018-09-02 05:18:47','2019-09-19 07:46:35'),(28,'Genoveva','Kihn','anahi96@example.org','(051)806-1221x95237','2018-11-14 07:45:15','2019-09-05 19:09:05'),(29,'Kristian','Lockman','ferry.roderick@example.com','(109)987-2814','2011-12-17 09:14:12','2018-01-11 09:19:54'),(30,'Stuart','Balistreri','grant.carter@example.net','1-631-559-8648','2011-09-01 01:56:37','2012-09-19 11:35:16'),(31,'Rey','Huels','bconn@example.com','+30(1)2490168569','2011-03-13 05:42:44','2011-03-15 04:04:57'),(32,'Neva','Johnson','witting.nash@example.com','084.435.9975','2017-12-29 00:25:48','2021-03-10 20:17:42'),(33,'Robert','Lockman','herman.britney@example.org','1-971-604-3101x852','2016-10-25 01:43:23','2021-03-10 20:17:42'),(34,'Kenny','Abshire','jsipes@example.net','403-572-8678x03456','2014-05-10 19:22:10','2015-05-25 15:52:39'),(35,'Hyman','Nitzsche','skassulke@example.org','903.427.1397x07312','2015-08-12 23:57:07','2021-03-10 20:17:42'),(36,'Leanna','Ruecker','yadira.kuhn@example.org','05429349669','2016-06-25 14:12:32','2017-08-06 17:31:20'),(37,'Howard','Moore','jfadel@example.org','1-341-687-6033','2020-09-13 03:30:46','2021-03-10 20:17:42'),(38,'Kaela','Glover','pvonrueden@example.net','(850)220-9317x9064','2011-07-04 06:59:50','2012-04-01 09:30:03'),(39,'Salvatore','Altenwerth','hammes.craig@example.com','(235)326-3734x139','2018-12-17 02:25:05','2021-03-10 20:17:42'),(40,'Dawn','Heaney','april.barrows@example.net','(955)328-4990','2017-04-01 09:50:43','2021-03-10 20:17:42'),(41,'Theresa','Stanton','jeanne87@example.com','1-881-884-0306x090','2018-06-23 05:15:21','2021-03-10 20:17:42'),(42,'Magdalena','Jaskolski','layla36@example.org','618.360.0367x23271','2018-08-22 06:38:13','2021-01-16 19:52:56'),(43,'Cornelius','Crist','bdoyle@example.net','(146)485-5118','2018-09-22 07:16:52','2021-03-10 20:17:42'),(44,'Colten','Botsford','cordelia43@example.org','00259966912','2016-05-07 21:53:16','2018-12-13 17:55:28'),(45,'Breanna','Botsford','webster69@example.com','289.379.6823','2012-03-12 17:42:49','2016-01-04 05:46:42'),(46,'Estel','Grady','ahilpert@example.net','657.600.9377','2014-08-28 13:37:35','2015-03-22 03:57:51'),(47,'Dalton','Hansen','travis46@example.org','595-740-0365x3261','2011-07-26 08:38:13','2013-08-21 10:36:52'),(48,'Desmond','Bosco','candelario.gibson@example.net','292.961.8387x88602','2016-12-31 09:13:45','2021-03-10 20:17:42'),(49,'Garfield','Wuckert','dare.devante@example.org','520-578-0622','2017-02-17 01:23:52','2020-02-10 23:02:09'),(50,'Destiney','Greenholt','lind.otho@example.net','+73(4)9469434532','2013-10-21 07:01:48','2014-07-27 01:46:27'),(51,'Amir','Aufderhar','noemie66@example.net','840-361-0203','2012-08-08 19:47:20','2014-05-13 03:12:58'),(52,'Lafayette','Effertz','jonathon.armstrong@example.com','477-510-4609x550','2015-09-06 20:58:07','2021-03-10 20:17:42'),(53,'Ellen','Larson','hyman99@example.net','643-728-2397x991','2016-04-13 09:31:11','2020-08-28 10:40:55'),(54,'Kacie','Herman','cfranecki@example.net','1-002-622-6033','2014-01-04 17:06:26','2019-05-03 16:17:53'),(55,'Dante','Herman','rlarson@example.org','354.282.2883','2019-04-02 20:04:58','2021-03-10 20:17:42'),(56,'Edd','Marvin','nheidenreich@example.com','090-594-4822x8116','2015-01-09 22:26:24','2021-03-10 20:17:42'),(57,'Tessie','Shanahan','madisyn35@example.org','296.923.4181x089','2012-01-02 22:41:49','2014-08-28 20:14:58'),(58,'Nova','Schimmel','ashley49@example.net','1-501-368-8321','2014-12-19 16:34:32','2018-12-13 20:53:31'),(59,'Sallie','Towne','zulauf.kelley@example.org','(296)553-0919x91592','2013-09-12 05:29:15','2014-05-15 14:04:35'),(60,'Erin','Lakin','clifford.barrows@example.com','862.750.2762','2012-04-09 19:17:38','2018-07-30 02:50:22'),(61,'Art','Ebert','beier.roxanne@example.org','1-013-442-3840x60873','2016-06-25 18:07:38','2017-07-17 09:09:44'),(62,'Jammie','Hane','maiya39@example.net','050-005-1007x00612','2021-02-04 23:56:57','2021-03-10 20:17:42'),(63,'Carleton','Rippin','glen76@example.org','281-572-9617','2019-03-15 08:29:37','2021-03-10 20:17:42'),(64,'Lauren','Rolfson','gibson.michael@example.com','571.169.2962x26113','2019-04-24 13:30:00','2021-03-10 20:17:42'),(65,'Juana','Durgan','lebsack.kory@example.net','1-160-853-8331x944','2015-07-02 13:53:56','2017-01-04 23:13:09'),(66,'Waylon','Romaguera','clark.gibson@example.net','817-219-1664','2011-06-27 03:38:17','2018-09-12 10:58:47'),(67,'Mattie','Bayer','mweimann@example.org','422.464.6676x5872','2019-09-08 10:15:58','2021-03-10 20:17:42'),(68,'Zaria','Ondricka','leta45@example.com','(346)721-0191','2012-05-24 19:15:42','2021-03-10 20:17:42'),(69,'Garry','Aufderhar','jessica.hauck@example.com','(141)452-4653x836','2016-12-24 16:21:50','2021-03-10 20:17:42'),(70,'Jason','Gibson','sbaumbach@example.com','659.013.7214x66643','2014-06-19 23:00:30','2020-03-10 10:39:25'),(71,'Ivy','Gusikowski','madison98@example.com','(911)353-6867x818','2012-01-18 07:49:41','2018-08-29 03:53:16'),(72,'Darwin','Zemlak','cynthia.vonrueden@example.org','04286819594','2019-07-19 08:39:42','2021-03-10 20:17:42'),(73,'Daryl','Swift','pbuckridge@example.com','415-292-4410','2016-07-17 07:34:43','2021-03-10 20:17:42'),(74,'Nathanial','Romaguera','herta.crona@example.net','931-731-8703','2011-08-24 16:01:32','2021-03-10 20:17:42'),(75,'Anastasia','Jacobson','emelia53@example.net','648-262-8592x938','2017-08-11 23:55:24','2021-03-10 20:17:42'),(76,'Rey','Cummings','marianne.rowe@example.com','1-798-881-8497x96825','2016-12-15 23:11:54','2018-06-26 11:07:27'),(77,'Daphne','Ortiz','upowlowski@example.com','(637)618-1057x38378','2020-01-30 10:01:49','2021-03-10 20:17:42'),(78,'Darrick','Krajcik','jbotsford@example.net','+89(0)8623160337','2017-04-13 21:02:22','2021-03-10 20:17:42'),(79,'Theodore','Altenwerth','kdavis@example.org','642.902.6829x938','2014-10-16 09:07:16','2018-07-30 20:29:59'),(80,'Cloyd','Ortiz','nitzsche.dawn@example.org','(275)880-2110','2016-11-17 12:14:39','2021-03-10 20:17:42'),(81,'Maximillian','Murray','mmarvin@example.net','690.487.1862x99719','2016-01-08 01:23:31','2016-06-06 04:12:27'),(82,'Lillie','Romaguera','amaggio@example.org','1-691-377-6421x70104','2016-03-10 12:51:30','2020-05-23 08:15:18'),(83,'Rosalind','Hammes','yankunding@example.org','(888)153-0826x651','2014-04-06 00:32:47','2019-09-29 20:20:23'),(84,'Joanny','Bruen','frohan@example.net','1-040-216-8073x9929','2014-05-04 05:17:22','2017-03-26 10:06:21'),(85,'Bryon','Wolff','javonte45@example.org','1-242-333-5190','2019-07-30 16:33:09','2021-03-10 20:17:42'),(86,'Skyla','Hartmann','osinski.maddison@example.org','(169)897-5905','2018-08-26 13:01:43','2021-03-10 20:17:42'),(87,'Wiley','Kessler','hassan38@example.org','(503)748-9248','2017-09-02 05:33:52','2019-08-23 15:53:13'),(88,'Lonny','Tromp','stanton.valentin@example.net','1-093-190-9438x69645','2011-11-22 11:48:51','2019-04-09 06:28:41'),(89,'Halle','Gleichner','frank.schulist@example.net','1-877-273-6142','2011-11-27 13:51:46','2016-08-14 18:12:36'),(90,'Isabell','Ondricka','koss.violet@example.net','1-391-978-5115','2015-08-07 15:47:49','2021-03-10 20:17:42'),(91,'Zaria','Thiel','schinner.elouise@example.com','534-864-8305','2020-05-30 11:02:15','2021-03-10 20:17:42'),(92,'Delpha','Upton','bwelch@example.net','920-265-1328','2018-01-01 11:38:34','2021-03-10 20:17:42'),(93,'Kamille','Labadie','emmet.ryan@example.net','(336)085-8580','2015-10-29 05:12:53','2021-03-10 20:17:42'),(94,'Adonis','Larkin','della03@example.org','+74(2)2819420680','2020-01-16 07:14:04','2021-03-10 20:17:42'),(95,'Yolanda','Quitzon','tatyana13@example.net','120.510.6084x83409','2017-04-08 07:08:44','2021-03-10 20:17:42'),(96,'Allie','Corkery','zjerde@example.org','+12(1)0729132277','2020-07-18 04:21:42','2021-03-10 20:17:42'),(97,'Kelsie','Stamm','nyasia.conn@example.net','03632092323','2014-10-14 20:40:24','2021-01-21 01:46:08'),(98,'Hilbert','Daniel','ddooley@example.org','07155489456','2013-08-13 01:20:08','2016-05-16 23:03:05'),(99,'Sherwood','Kuhlman','gkuhic@example.net','+27(1)1626444466','2019-02-26 06:05:10','2021-03-10 20:17:42'),(100,'Velda','Effertz','abigale58@example.com','305.240.9516x11282','2017-05-03 09:48:13','2021-03-10 20:17:42');
/*!40000 ALTER TABLE `users` ENABLE KEYS */;
UNLOCK TABLES;
/*!40103 SET TIME_ZONE=@OLD_TIME_ZONE */;

/*!40101 SET SQL_MODE=@OLD_SQL_MODE */;
/*!40014 SET FOREIGN_KEY_CHECKS=@OLD_FOREIGN_KEY_CHECKS */;
/*!40014 SET UNIQUE_CHECKS=@OLD_UNIQUE_CHECKS */;
/*!40101 SET CHARACTER_SET_CLIENT=@OLD_CHARACTER_SET_CLIENT */;
/*!40101 SET CHARACTER_SET_RESULTS=@OLD_CHARACTER_SET_RESULTS */;
/*!40101 SET COLLATION_CONNECTION=@OLD_COLLATION_CONNECTION */;
/*!40111 SET SQL_NOTES=@OLD_SQL_NOTES */;

-- Dump completed on 2021-03-15 20:25:14
